Government_Regulations.start_year,2030,,,,,,,,,,,,,,,,,,,,,,,,,,,,,,,,,,,,,,,,,,,,,,,,,,,,,,,,,,,,,,,,,,,,,,
Government_Regulations.tax_on_CO2e_emissions:x,2030,2031,2032,2033,2034,2035,2036,2037,2038,2039,2040,2041,2042,2043,2044,2045,2046,2047,2048,2049,2050,2051,2052,2053,2054,2055,2056,2057,2058,2059,2060,2061,2062,2063,2064,2065,2066,2067,2068,2069,2070,2071,2072,2073,2074,2075,2076,2077,2078,2079,2080,2081,2082,2083,2084,2085,2086,2087,2088,2089,2090,2091,2092,2093,2094,2095,2096,2097,2098,2099,2100
Government_Regulations.tax_on_CO2e_emissions:y,41.22154847,43.28262589,45.44675718,47.71909504,50.1050498,52.61030229,55.2408174,58.00285827,60.90300118,63.94815124,67.14555881,70.50283675,74.02797858,77.72937751,81.61584639,85.69663871,89.98147064,94.48054417,99.20457138,104.1648,109.3730399,114.8416919,120.5837765,126.6129654,132.9436136,139.5907943,146.570334,153.8988507,161.5937933,169.6734829,178.1571571,187.0650149,196.4182657,206.239179,216.5511379,227.3786948,238.7476296,250.685011,263.2192616,276.3802247,290.1992359,304.7091977,319.9446576,335.9418905,352.738985,370.3759342,388.8947309,408.3394675,428.7564409,450.1942629,472.7039761,496.3391749,521.1561336,547.2139403,574.5746373,603.3033692,633.4685376,665.1419645,698.3990627,733.3190159,769.9849667,808.484215,848.9084257,891.353847,935.9215394,982.7176163,1031.853497,1083.446172,1137.618481,1194.499405,1254.224375