Government_Regulations.start_year,2040,,,,,,,,,,,,,,,,,,,,,,,,,,,,,,,,,,,,,,,,,,,,,,,,,,,
Government_Regulations.tax_on_CO2e_emissions:x,2040,2050,2051,2052,2053,2054,2055,2056,2057,2058,2059,2060,2061,2062,2063,2064,2065,2066,2067,2068,2069,2070,2071,2072,2073,2074,2075,2076,2077,2078,2079,2080,2081,2082,2083,2084,2085,2086,2087,2088,2089,2090,2091,2092,2093,2094,2095,2096,2097,2098,2099,2100
Government_Regulations.tax_on_CO2e_emissions:y,0,546.8651997,571.8159245,596.7666492,621.717374,646.6680987,671.6188234,696.5695482,721.5202729,746.4709977,771.4217224,796.3724471,821.3231719,846.2738966,871.2246214,896.1753461,921.1260708,946.0767956,971.0275203,995.978245,1020.92897,1045.879695,1070.830419,1095.781144,1120.731869,1145.682593,1170.633318,1195.584043,1220.534768,1245.485492,1270.436217,1295.386942,1320.337667,1345.288391,1370.239116,1395.189841,1420.140566,1445.09129,1470.042015,1494.99274,1519.943465,1544.894189,1569.844914,1594.795639,1619.746364,1644.697088,1669.647813,1694.598538,1719.549262,1744.499987,1769.450712,1794.401437