Government_Regulations.start_year,2030,,,,,,,,,,,,,,,,,,,,,,,,,,,,,,,,,,,,,,,,,,,,,,,,,,,,,,,,,,,,,,,,,,,,,,
Government_Regulations.tax_on_CO2e_emissions:x,2030,2031,2032,2033,2034,2035,2036,2037,2038,2039,2040,2041,2042,2043,2044,2045,2046,2047,2048,2049,2050,2051,2052,2053,2054,2055,2056,2057,2058,2059,2060,2061,2062,2063,2064,2065,2066,2067,2068,2069,2070,2071,2072,2073,2074,2075,2076,2077,2078,2079,2080,2081,2082,2083,2084,2085,2086,2087,2088,2089,2090,2091,2092,2093,2094,2095,2096,2097,2098,2099,2100
Government_Regulations.tax_on_CO2e_emissions:y,82.44309693,86.56525178,90.89351437,95.43819009,100.2100996,105.2206046,110.4816348,116.0057165,121.8060024,127.8963025,134.2911176,141.0056735,148.0559572,155.458755,163.2316928,171.3932774,179.9629413,188.9610883,198.4091428,208.3295999,218.7460799,229.6833839,241.1675531,253.2259307,265.8872273,279.1815886,293.1406681,307.7977015,323.1875866,339.3469659,356.3143142,374.1300299,392.8365314,412.4783579,433.1022758,454.7573896,477.4952591,501.3700221,526.4385232,552.7604493,580.3984718,609.4183954,639.8893152,671.8837809,705.47797,740.7518685,777.7894619,816.678935,857.5128817,900.3885258,945.4079521,992.6783497,1042.312267,1094.427881,1149.149275,1206.606738,1266.937075,1330.283929,1396.798125,1466.638032,1539.969933,1616.96843,1697.816851,1782.707694,1871.843079,1965.435233,2063.706994,2166.892344,2275.236961,2388.998809,2508.44875